random_permutation_solver,./problems/problem_12_bdaypi.csv,0.009200096130371094,35.09477650067469
11,3,1,0,4,7,9,5,2,6,10,8