nearest_neighbour,./problems/problem_19_cutesy.csv,6.508827209472656e-05,38.50804304793267
6,7,8,9,5,10,4,11,3,12,0,2,1,13,19,14,18,15,17,16