random_permutation_solver,./problems/problem_12_bdaypi.csv,0.00798177719116211,41.41892587652371
8,4,0,9,6,10,7,3,1,11,5,2