random_permutation_solver,./problems/problem_8_0.csv,0.008558273315429688,17.978492249870264
4,6,5,7,3,1,0,2