random_permutation_solver,./problems/problem_8_0.csv,0.0010004043579101562,16.6859052801006
1,2,0,3,7,5,4,6