random_permutation_solver,./problems/problem_8_0.csv,0.0010001659393310547,16.630337012519252
6,3,2,1,0,4,7,5