random_permutation_solver,./problems/problem_8_0.csv,0.0009999275207519531,17.101647163130266
1,0,2,3,4,7,5,6