random_permutation_solver,./problems/problem_12_bdaypi.csv,0.007742881774902344,42.21450030189776
10,6,9,7,2,4,8,0,1,3,11,5