example_solver,./problems/problem_12_bdaypi.csv,2.7894973754882812e-05,47.84353564284326
0,1,2,3,4,5,6,7,8,9,10,11