random_permutation_solver,./problems/problem_8_0.csv,0.0010004043579101562,17.50676136098211
3,0,2,1,5,7,4,6