random_permutation_solver,./problems/problem_8_0.csv,0.0010004043579101562,17.794576286142075
7,6,4,5,3,2,1,0