random_permutation_solver,./problems/problem_19_cutesy.csv,0.008733987808227539,31.7889902215472
6,7,10,14,19,2,3,4,0,18,12,11,17,15,16,1,5,9,13,8