random_permutation_solver,./problems/problem_8_0.csv,0.01705002784729004,16.195270142195337
4,5,7,2,0,1,3,6