random_permutation_solver,./problems/problem_12_bdaypi.csv,0.0010004043579101562,22.689586165727324
3,1,0,5,2,7,6,4