nearest_neighbour,./problems/problem_8_0.csv,4.57763671875e-05,15.920569857243777
0,1,2,3,7,5,6,4