random_permutation_solver,problems/problem_8_0.csv,0.0010006427764892578,18.455229785928978
6,4,7,2,0,1,3,5