random_permutation_solver,./problems/problem_8_0.csv,0.0009996891021728516,17.014566519969012
0,1,2,3,5,4,7,6