random_permutation_solver,problems/problem_8_0.csv,0.0010006427764892578,18.501690203955917
0,1,4,7,5,2,3,6