random_permutation_solver,./problems/problem_8_0.csv,0.007779121398925781,16.472640693065117
5,7,4,6,2,1,0,3