random_permutation_solver,./problems/problem_8_0.csv,0.0009999275207519531,17.955818558934805
4,3,2,0,1,5,7,6