random_permutation_solver,./problems/problem_8_0.csv,0.0010006427764892578,19.14415264320228
1,0,3,5,7,4,6,2