random_permutation_solver,./problems/problem_8_0.csv,0.0010008811950683594,15.896014170901289
3,6,4,7,5,2,1,0