random_permutation_solver,./problems/problem_12_bdaypi.csv,0.0010004043579101562,39.179394423203405
2,1,11,3,4,8,7,9,10,6,0,5