nearest_neighbour,./problems/problem_12_bdaypi.csv,5.078315734863281e-05,40.922252120119424
0,1,2,4,8,5,6,10,7,9,11,3