random_permutation_solver,./problems/problem_8_0.csv,0.0170290470123291,18.527605905358833
5,7,6,3,2,1,0,4