random_permutation_solver,./problems/problem_12_bdaypi.csv,0.007955789566040039,39.75606731035772
11,5,2,10,9,7,4,6,3,1,0,8